{
    "node_config": {
        "gpu_type": "tesla-k80", 
        "num_gpus": 1, 
        "num_pcpus": 1
    }, 
    "stats": {
        "batch_alexnet_latencies": [
            0.004115, 
            0.001492, 
            0.00151, 
            0.001562, 
            0.001541, 
            0.001579, 
            0.00154, 
            0.001589, 
            0.001524, 
            0.001527, 
            0.001541, 
            0.001583, 
            0.001534, 
            0.001554, 
            0.001548, 
            0.001572, 
            0.001551, 
            0.001557, 
            0.001555, 
            0.00156, 
            0.001541, 
            0.001612, 
            0.001551, 
            0.001513, 
            0.001571, 
            0.001561, 
            0.001544, 
            0.001559, 
            0.001485, 
            0.001535, 
            0.001518, 
            0.001579, 
            0.001531, 
            0.001528, 
            0.001519, 
            0.001499, 
            0.001465, 
            0.001489, 
            0.001535, 
            0.001481, 
            0.001496, 
            0.001525, 
            0.001546, 
            0.001517
        ], 
        "batch_total_latencies": [
            4.682618, 
            3.102562, 
            3.123393, 
            3.115235, 
            3.105285, 
            3.10182, 
            3.103767, 
            3.103475, 
            3.104872, 
            3.102793, 
            3.103101, 
            3.105459, 
            3.103375, 
            3.106187, 
            3.105761, 
            3.10771, 
            3.10443, 
            3.105166, 
            3.104002, 
            3.103933, 
            3.104452, 
            3.10468, 
            3.111318, 
            3.103473, 
            3.104775, 
            3.105092, 
            3.104263, 
            3.105382, 
            3.104386, 
            3.103984, 
            3.104158, 
            3.105234, 
            3.103847, 
            3.103413, 
            3.103244, 
            3.103669, 
            3.1031, 
            3.104126, 
            3.103956, 
            3.103354, 
            3.104086, 
            3.104882, 
            3.102544, 
            3.103859
        ], 
        "thrus": [
            8.842624278662925, 
            16.110023729259453, 
            16.10758319244567, 
            16.098762689346604, 
            16.10589561946214, 
            16.097606873420574, 
            16.10332019060856, 
            16.105596018181284, 
            16.11024952601632, 
            16.109778474436197, 
            16.108693733138225
        ], 
        "batch_preprocessing_latencies": [
            3.086166, 
            3.065901, 
            3.0862, 
            3.07777, 
            3.067936, 
            3.064455, 
            3.066642, 
            3.065981, 
            3.067484, 
            3.065654, 
            3.066063, 
            3.068086, 
            3.066206, 
            3.068807, 
            3.068591, 
            3.0702, 
            3.067295, 
            3.067695, 
            3.066632, 
            3.066566, 
            3.067112, 
            3.067292, 
            3.073963, 
            3.066595, 
            3.067356, 
            3.067791, 
            3.067224, 
            3.067929, 
            3.067601, 
            3.066892, 
            3.067292, 
            3.06807, 
            3.067222, 
            3.066517, 
            3.066561, 
            3.066901, 
            3.066805, 
            3.067519, 
            3.067083, 
            3.066753, 
            3.067522, 
            3.067986, 
            3.06564, 
            3.067283
        ], 
        "batch_resnet_latencies": [
            1.592304, 
            0.035136, 
            0.03565, 
            0.035871, 
            0.035775, 
            0.035753, 
            0.035537, 
            0.035873, 
            0.035832, 
            0.035579, 
            0.035464, 
            0.035758, 
            0.035604, 
            0.035795, 
            0.03559, 
            0.035906, 
            0.035552, 
            0.035883, 
            0.035782, 
            0.035775, 
            0.035767, 
            0.035744, 
            0.035771, 
            0.035333, 
            0.035815, 
            0.035707, 
            0.035461, 
            0.035861, 
            0.035267, 
            0.035525, 
            0.035317, 
            0.035553, 
            0.035062, 
            0.035336, 
            0.035131, 
            0.035236, 
            0.034798, 
            0.035086, 
            0.035304, 
            0.035086, 
            0.035036, 
            0.035339, 
            0.035327, 
            0.035027
        ]
    }, 
    "num_trials": 10, 
    "trial_length": 200
}