{
    "node_config": {
        "gpu_type": "tesla-k80", 
        "num_gpus": 1, 
        "num_pcpus": 1
    }, 
    "stats": {
        "batch_alexnet_latencies": [
            0.005894, 
            0.001851, 
            0.001836, 
            0.001829, 
            0.001822, 
            0.001841, 
            0.001834, 
            0.001869, 
            0.001889, 
            0.001829, 
            0.001863, 
            0.001852, 
            0.001863, 
            0.001856, 
            0.001837, 
            0.001828, 
            0.001832, 
            0.001858, 
            0.001856, 
            0.001875, 
            0.001826, 
            0.001816, 
            0.001817, 
            0.001811, 
            0.001846, 
            0.001832, 
            0.001802, 
            0.001805, 
            0.001786, 
            0.001814, 
            0.001827, 
            0.001838, 
            0.001828, 
            0.001821, 
            0.001824, 
            0.001838, 
            0.001804, 
            0.001816, 
            0.001801, 
            0.001806, 
            0.001832, 
            0.001803, 
            0.001836, 
            0.001828
        ], 
        "batch_total_latencies": [
            7.736671, 
            6.195272, 
            6.176997, 
            6.171164, 
            6.169915, 
            6.171195, 
            6.172356, 
            6.172229, 
            6.172952, 
            6.181698, 
            6.173834, 
            6.174807, 
            6.169349, 
            6.167069, 
            6.169908, 
            6.173196, 
            6.170414, 
            6.170905, 
            6.171312, 
            6.171821, 
            6.173756, 
            6.172574, 
            6.175367, 
            6.173665, 
            6.172602, 
            6.167953, 
            6.17327, 
            6.172808, 
            6.16878, 
            6.167515, 
            6.169665, 
            6.172071, 
            6.168315, 
            6.168979, 
            6.169921, 
            6.167769, 
            6.169498, 
            6.173784, 
            6.17164, 
            6.167517, 
            6.170519, 
            6.169066, 
            6.170188, 
            6.173097
        ], 
        "thrus": [
            5.735555448109483, 
            8.101758737888579, 
            8.09598502696145, 
            8.10378452004546, 
            8.10216407587142, 
            8.098587343163263, 
            8.101451233213034, 
            8.104276099719876, 
            8.105274876415836, 
            8.102826160428016, 
            8.102686644272731
        ], 
        "batch_preprocessing_latencies": [
            6.148483000000001, 
            6.157348000000001, 
            6.138533000000001, 
            6.133329, 
            6.131731, 
            6.132910000000001, 
            6.134181, 
            6.133936, 
            6.134722999999999, 
            6.142377, 
            6.135538, 
            6.136629, 
            6.131185, 
            6.129168, 
            6.131723, 
            6.134971, 
            6.132229, 
            6.132685, 
            6.133089999999999, 
            6.1336200000000005, 
            6.135762, 
            6.13464, 
            6.13768, 
            6.135922, 
            6.135269, 
            6.130238, 
            6.135604000000001, 
            6.135127, 
            6.131176, 
            6.1298960000000005, 
            6.132021999999999, 
            6.1341280000000005, 
            6.1306840000000005, 
            6.131251, 
            6.132632, 
            6.1300930000000005, 
            6.131875, 
            6.135747, 
            6.133927, 
            6.129937999999999, 
            6.132887, 
            6.1314, 
            6.1324819999999995, 
            6.135287
        ], 
        "batch_resnet_latencies": [
            1.582269, 
            0.036058, 
            0.036613, 
            0.03599, 
            0.036348, 
            0.036422, 
            0.036325, 
            0.036408, 
            0.036326, 
            0.037477, 
            0.036418, 
            0.036305, 
            0.036286, 
            0.03603, 
            0.036332, 
            0.036382, 
            0.036338, 
            0.036347, 
            0.036351, 
            0.036311, 
            0.036153, 
            0.036101, 
            0.035854, 
            0.035917, 
            0.035472, 
            0.035868, 
            0.035849, 
            0.035862, 
            0.035803, 
            0.03579, 
            0.035801, 
            0.03609, 
            0.035787, 
            0.035892, 
            0.03545, 
            0.035824, 
            0.035804, 
            0.036194, 
            0.035898, 
            0.035758, 
            0.035785, 
            0.035848, 
            0.035855, 
            0.035962
        ]
    }, 
    "num_trials": 10, 
    "trial_length": 200
}
